epoch,train_loss,val_auprc
1,0.220285,0.872516
2,0.183293,0.872535
3,0.148953,0.872056
