epoch,train_loss,val_auprc,train_time_s,val_time_s
1,0.479402,0.852465,5605.6,306.0
2,0.317533,0.868602,5576.9,306.2
3,0.254078,0.870407,5588.1,306.0
4,0.203169,0.865804,5566.3,304.9
5,0.153663,0.863668,5562.4,305.1
