{
  "feature_columns": [
    "age_at_admission",
    "sex_female",
    "los_days",
    "emergency_admission",
    "medicaid_selfpay",
    "n_prior_admissions",
    "race_Asian",
    "race_Black",
    "race_Hispanic",
    "race_Other/Unknown",
    "race_White",
    "dx_MDD",
    "dx_anxiety",
    "dx_SUD",
    "dx_TBI",
    "dx_pain",
    "dx_suicidal",
    "rx_ssri_snri",
    "rx_prazosin",
    "rx_SGA"
  ],
  "best_C": 10.0,
  "coefficients": {
    "n_prior_admissions": 6.512429074172918,
    "dx_suicidal": 1.8218612755937178,
    "dx_SUD": 1.467601785778135,
    "dx_MDD": 1.2434471858460308,
    "dx_anxiety": 0.881983027736558,
    "medicaid_selfpay": 0.858585677740369,
    "race_Asian": -0.6720217044942558,
    "rx_ssri_snri": 0.28659392355562874,
    "race_White": 0.2744976625530699,
    "dx_pain": 0.18048304527063996,
    "sex_female": 0.13933647600086732,
    "rx_SGA": 0.12287001734418321,
    "race_Black": -0.11088040883095061,
    "race_Hispanic": -0.11074913664932257,
    "race_Other/Unknown": -0.02445274698736619,
    "dx_TBI": 0.021916422317632092,
    "emergency_admission": 0.01767108360906092,
    "los_days": 0.013586300590052364,
    "rx_prazosin": 0.008026662029871252,
    "age_at_admission": -0.004053758897259563
  }
}